<?xml version="1.0" encoding="utf-8" ?>

<odoo>
    <data noupdate="1">
        <record id="ir_cron_action_monthly_invoice" model="ir.cron">
            <field name="name">Monthly Hostel Invoice</field>
            <field name="model_id" ref="hostel.model_hostel_room"/>
            <field name="state">code</field>
            <field name="code">model.action_monthly_automatic_invoice()
            </field>
            <field name="user_id" ref="base.user_root"/>
            <field name="interval_number">1</field>
            <field name="interval_type">months</field>
            <!--            <field name="numbercall">-1</field>-->
        </record>
    </data>


    <record id="action_create_user_on_student_creation"
            model="ir.actions.server">
        <field name="name">Create User on Student Creation</field>
        <field name="model_id" ref="hostel.model_hostel_student"/>
        <field name="state">code</field>
        <field name="code">record.create_student_user()</field>
    </record>
    <record id="action_create_user_on_student_creation2"
            model="base.automation">
        <field name="name">Create User</field>
        <field name="model_id" ref="hostel.model_hostel_student"/>
        <field name="trigger">on_create_or_write</field>
        <field name="action_server_ids"
               eval="[(4, ref('action_create_user_on_student_creation'))]"/>
        <field name="trigger_field_ids"
               eval="[(4, ref('hostel.field_hostel_student__student_id'))]"/>
    </record>
</odoo>

