<?xml version="1.0" encoding="utf-8"?>
<odoo>
    <data noupdate="1">
        <record id="ac" model="hostel.facility">
            <field name="name">AC</field>
            <field name="charge">100</field>
        </record>
        <record id="tv" model="hostel.facility">
            <field name="name">Tv</field>
            <field name="charge">50</field>
        </record>
        <record id="wifi" model="hostel.facility">
            <field name="name">Wifi</field>
            <field name="charge">70</field>
        </record>
    </data>
</odoo>
